ds,trend,yhat_lower,yhat_upper,trend_lower,trend_upper,multiplicative_terms,multiplicative_terms_lower,multiplicative_terms_upper,yearly,yearly_lower,yearly_upper,additive_terms,additive_terms_lower,additive_terms_upper,yhat,y
2000-12-01,914964.4051045683,800591.1747786631,1008326.330517592,880656.407127329,950892.3114479281,-0.010082220982124671,-0.019654206177391227,-0.0006184415880597728,-0.010082220982124671,-0.019654206177391227,-0.0006184415880597728,0.0,0.0,0.0,905739.5317815259,942784.3384680001
2001-01-01,914649.6370273707,790504.4474632674,999272.1767258579,882865.3064678045,948311.2937702399,-0.019161351365975177,-0.031741297438414556,-0.007421236861920364,-0.019161351365975177,-0.031741297438414556,-0.007421236861920364,0.0,0.0,0.0,897123.7139555276,937529.1140200001
2001-02-01,914334.8689501729,819319.7474082593,1033289.8280337295,883945.034860712,945899.9204614294,0.010861275551123716,-0.004340955514521857,0.026315358081198944,0.010861275551123716,-0.004340955514521857,0.026315358081198944,0.0,0.0,0.0,924265.7119078413,935114.61699
2001-03-01,914050.5622998009,825715.5489957823,1030483.4540872541,885231.4344130023,943853.7865539283,0.012487228445015625,0.005438477911151299,0.01965664735199553,0.012487228445015625,0.005438477911151299,0.01965664735199553,0.0,0.0,0.0,925464.5204815336,931447.671557
2001-04-01,913735.7942226031,820794.6882384433,1023821.0441061697,886390.5309436854,941766.2486757303,0.011621118203095504,0.0030666793349935937,0.020240794888187922,0.011621118203095504,0.0030666793349935937,0.020240794888187922,0.0,0.0,0.0,924354.4258936632,927942.058566
2001-05-01,913431.1799543473,822185.9258709436,1028386.890678468,888121.4840458636,940639.5679394193,0.007480226451264051,-0.0008632836149766153,0.01520530886037373,0.007480226451264051,-0.0008632836149766153,0.01520530886037373,0.0,0.0,0.0,920263.8520280513,926010.3888770001
2001-06-01,913116.4118771497,816275.8092212772,1024069.277713338,889636.0932360836,939226.1079064384,0.005184130935054361,-0.003242885065822143,0.013264072651036284,0.005184130935054361,-0.003242885065822143,0.013264072651036284,0.0,0.0,0.0,917850.1269152679,915460.962485
2001-07-01,912811.7976088938,810836.9002543283,1016512.3331404566,891060.3174820746,937485.8690111479,-0.0004228916273410861,-0.008565886462203551,0.007221104560998566,-0.0004228916273410861,-0.008565886462203551,0.007221104560998566,0.0,0.0,0.0,912425.7771423468,918844.11209
2001-08-01,912497.0295316962,813504.11246262,1014841.241390178,891143.8444033791,936257.5643511899,-0.0014616974251262197,-0.00976755524269989,0.006647140491167006,-0.0014616974251262197,-0.00976755524269989,0.006647140491167006,0.0,0.0,0.0,911163.2349731944,920975.786635
2001-09-01,912467.4397910772,805698.5420301228,1016841.2514764962,892468.9731740823,934527.3886636996,-0.0020364376871521823,-0.010997251153928649,0.0069827459685564515,-0.0020364376871521823,-0.010997251153928649,0.0069827459685564515,0.0,0.0,0.0,910609.2567083873,923936.3919360001
2001-10-01,912438.80455822,804037.7388453074,1006710.4313833269,892617.3072372158,933508.9053203869,-0.006362264358314467,-0.013923471071515627,0.0012294372666531604,-0.006362264358314467,-0.013923471071515627,0.0012294372666531604,0.0,0.0,0.0,906633.6276728362,920121.3253200001
2001-11-01,912409.2148176009,799324.8618186171,1006706.5341657,892457.0838137318,932925.5400559292,-0.005661418012469105,-0.013891455449697346,0.002064733944257152,-0.005661418012469105,-0.013891455449697346,0.002064733944257152,0.0,0.0,0.0,907243.6848540897,922147.0346
2001-12-01,912380.579584744,808385.4664645924,1005663.7902691355,893004.8085735185,932693.0592843979,-0.0053045483755144,-0.012889509674168275,0.0019506343757681572,-0.0053045483755144,-0.012889509674168275,0.0019506343757681572,0.0,0.0,0.0,907540.8126634568,926105.1462719999
2002-01-01,912350.9898441249,802526.8271775602,990894.1676566129,893520.5661536361,931721.5394127675,-0.01136969513911356,-0.02047018958073312,-0.003009989735535281,-0.01136969513911356,-0.02047018958073312,-0.003009989735535281,0.0,0.0,0.0,901977.8372297287,908457.4889270001
2002-02-01,912321.4001035057,814805.0442110541,1017658.0161996201,893310.4539669118,930935.9618498598,0.006036726341461272,-0.0049141872532038056,0.016789074708226655,0.006036726341461272,-0.0049141872532038056,0.016789074708226655,0.0,0.0,0.0,917828.8347313894,906257.104343
2002-03-01,912294.6738861724,815851.5500879791,1023368.260864093,893423.438602911,931212.255265954,0.008357367061941626,-0.0014218428639435011,0.017494554550811735,0.008357367061941626,-0.0014218428639435011,0.017494554550811735,0.0,0.0,0.0,919919.0553444935,904699.24659
2002-04-01,913130.7571057115,819792.4046884982,1019523.3712235146,894019.4460736715,930947.4307425736,0.009707566617478451,0.001726195551053762,0.01914534156741664,0.009707566617478451,0.001726195551053762,0.01914534156741664,0.0,0.0,0.0,921995.0347607837,907761.9430280001
2002-05-01,913939.8698988139,819234.3623541783,1024312.1506515406,894803.0014356948,931720.2294034904,0.011222236607371814,0.0029593828036984142,0.019165360805903756,0.011222236607371814,0.0029593828036984142,0.019165360805903756,0.0,0.0,0.0,924196.319363729,904387.840946
2002-06-01,914775.953118353,816495.628732532,1021832.7301708263,896017.5719620963,932950.6047877234,0.007863097868756498,-0.0004968475691393196,0.015790640935755593,0.007863097868756498,-0.0004968475691393196,0.015790640935755593,0.0,0.0,0.0,921968.9259657077,903447.840121
2002-07-01,915585.0659114555,810447.0390561229,1013691.549475584,896638.2675206338,934113.6154615246,0.00022120325791853015,-0.008591485037499924,0.008943265353691388,0.00022120325791853015,-0.008591485037499924,0.008943265353691388,0.0,0.0,0.0,915787.5963109367,902792.1987219999
2002-08-01,916421.1491309947,816195.4088807001,1013009.6632349663,897546.9797629567,935101.2871313199,0.0005885599482232054,-0.007403874232252432,0.008168765605459434,0.0005885599482232054,-0.007403874232252432,0.008168765605459434,0.0,0.0,0.0,916960.5179150779,909530.475216
2002-09-01,917257.2323505337,808345.6179760362,1008790.4386266607,898211.5262358737,936589.2242066893,-0.006356513694198951,-0.014760618106177605,0.0022235250896859306,-0.006356513694198951,-0.014760618106177605,0.0022235250896859306,0.0,0.0,0.0,911426.6741919945,910034.7685979999
2002-10-01,918066.3451436362,808096.6434094047,1005388.9154655598,899251.2112628445,937116.0082302879,-0.010809640192429406,-0.018872838656604052,-0.002330958430609275,-0.010809640192429406,-0.018872838656604052,-0.002330958430609275,0.0,0.0,0.0,908142.3782798549,922297.6896459999
2002-11-01,918902.4283631751,807780.452495843,1010049.8828314891,899396.4363022955,938387.7426886753,-0.005809191941663363,-0.014042457410955079,0.0024869544883833056,-0.005809191941663363,-0.014042457410955079,0.0024869544883833056,0.0,0.0,0.0,913564.3477811528,927105.3359139999
2002-12-01,920933.52953229,819956.8454474285,1014410.3682244945,901840.4886685119,940206.6077328215,-0.00042610149544430783,-0.008428689588737987,0.007619545522618156,-0.00042610149544430783,-0.008428689588737987,0.007619545522618156,0.0,0.0,0.0,920541.1183781514,941719.1697229999
2003-01-01,923032.3340737086,816169.896998926,1028700.9727125597,903857.3195498813,942135.0182922235,-0.00373685860396122,-0.0119156296270635,0.004443713703965541,-0.00373685860396122,-0.0119156296270635,0.004443713703965541,0.0,0.0,0.0,919583.0927543909,934225.2519879999
2003-02-01,925131.1386151271,824678.5423943028,1033436.7592333333,904835.6799107419,943913.6675758271,0.0010004607106319306,-0.007228852947646319,0.00897621465765215,0.0010004607106319306,-0.007228852947646319,0.00897621465765215,0.0,0.0,0.0,926056.6959714937,938247.151293
2003-03-01,927026.8330396342,830927.1435755797,1033665.2458395117,907266.3868762662,946095.2697471848,0.004279366697449784,-0.009002778589686433,0.017366781352837406,0.004279366697449784,-0.009002778589686433,0.017366781352837406,0.0,0.0,0.0,930993.9207965864,934836.990057
2003-04-01,929125.6375810527,840696.427035666,1042281.5796932845,909854.9609912068,947683.3662366655,0.007944502245369769,-0.002949853060283501,0.019329116543437618,0.007944502245369769,-0.002949853060283501,0.019329116543437618,0.0,0.0,0.0,936507.078295046,918350.2577729999
2003-05-01,931156.7387501674,844046.1370178859,1047668.9861226979,911066.4269411016,949535.131409728,0.015061134061038569,0.0036363396745099047,0.026030652357052382,0.015061134061038569,0.0036363396745099047,0.026030652357052382,0.0,0.0,0.0,945181.015224323,930183.343726
2003-06-01,933255.543291586,843282.8241122299,1050782.808894093,912326.2901318353,952267.9947019777,0.01051791906777627,-0.0006455001027112047,0.020820150440796416,0.01051791906777627,-0.0006455001027112047,0.020820150440796416,0.0,0.0,0.0,943071.4495654805,921439.768874
2003-07-01,935286.6444607008,835500.210391095,1038217.0233514897,913986.4551210032,954934.8062431717,0.0008044330652440863,-0.011866415094629611,0.012263436132465555,0.0008044330652440863,-0.011866415094629611,0.012263436132465555,0.0,0.0,0.0,936039.0199629862,911386.572067
2003-08-01,939446.7458397931,834646.6225865623,1049927.3483028717,918688.6967930978,958772.7158366172,0.0025155405398951105,-0.007962923278266254,0.013200918362934265,0.0025155405398951105,-0.007962923278266254,0.013200918362934265,0.0,0.0,0.0,941809.9622140257,923622.872125
2003-09-01,943606.8472188853,834663.1252549284,1041642.434819527,923343.901872171,962852.9845589963,-0.01077542370203519,-0.022241473580460257,1.6502774602554754e-06,-0.01077542370203519,-0.022241473580460257,1.6502774602554754e-06,0.0,0.0,0.0,933439.0836319602,928562.765115
2003-10-01,947632.7517792971,837422.4630926098,1029131.3727472792,927109.6483253059,967195.7097552831,-0.015157921693284499,-0.025782959652838163,-0.004329034756339204,-0.015157921693284499,-0.025782959652838163,-0.004329034756339204,0.0,0.0,0.0,933268.6087338349,931800.3673129999
2003-11-01,951792.8531583895,844525.5913357995,1049597.5001220526,931977.943874251,970888.8179188137,-0.005771037116024531,-0.01712464466432925,0.005341226551468729,-0.005771037116024531,-0.01712464466432925,0.005341226551468729,0.0,0.0,0.0,946300.0212760455,942539.258132
2003-12-01,955818.7577188013,857481.7163293563,1061230.4414924677,935410.6832824547,974945.0165307585,0.004544851240118233,-0.006528371290415292,0.015125202335602054,0.004544851240118233,-0.006528371290415292,0.015125202335602054,0.0,0.0,0.0,960162.8117851479,956285.489321
2004-01-01,959978.8590978936,860764.0880817974,1068006.5633858633,938810.7194649577,979399.0160928175,0.0037279698834610723,-0.007891538902292475,0.015458455680310628,0.0037279698834610723,-0.007891538902292475,0.015458455680310628,0.0,0.0,0.0,963557.63137337,949456.8195399999
2004-02-01,964138.9604769858,859572.0390594525,1061587.4316534037,942274.0052815615,983617.5263140122,-0.004243021407112981,-0.013186650121695469,0.004903904252147975,-0.004243021407112981,-0.013186650121695469,0.004903904252147975,0.0,0.0,0.0,960048.0982282503,952286.80177
2004-03-01,970738.9748323868,887154.8770297823,1084506.0147296218,950062.0278881901,990114.3749233038,0.01666176510057459,0.007454521879070702,0.026390269049886905,0.01666176510057459,0.007454521879070702,0.026390269049886905,0.0,0.0,0.0,986913.1996050165,965945.2837200001
2004-04-01,977794.1625916086,891767.7608435964,1095165.7556569222,958064.8576646317,996654.4401753014,0.013682270574139595,0.0015434423774105055,0.02515784004644125,0.013682270574139595,0.0015434423774105055,0.02515784004644125,0.0,0.0,0.0,991172.6068900011,972873.473925
2004-05-01,984621.7636489202,885352.2314640004,1082173.6940081448,965398.9995355116,1003033.9519872157,0.0038400076922072627,-0.0069166130851170925,0.014477173760986013,0.0038400076922072627,-0.0069166130851170925,0.014477173760986013,0.0,0.0,0.0,988402.7187952467,983019.32755
2004-06-01,991676.951408142,896460.4208004731,1097796.353782138,972696.4590740659,1010076.3789101382,0.0024858169560105247,-0.008823196037393378,0.014095978756864544,0.0024858169560105247,-0.008823196037393378,0.014095978756864544,0.0,0.0,0.0,994142.0787888371,986455.9329969999
2004-07-01,998504.5524654534,899237.6622379116,1104075.1964317472,979493.5587374979,1017145.6321949649,-0.0011256681956985791,-0.012020526268466817,0.00952197371059718,-0.0011256681956985791,-0.012020526268466817,0.00952197371059718,0.0,0.0,0.0,997380.5676474827,990915.838908
2004-08-01,1005559.7402246754,899497.1355849532,1102008.4690114332,986026.8467123234,1024396.8252239989,-0.003634094852656,-0.014572844575603759,0.007570741074271034,-0.003634094852656,-0.014572844575603759,0.007570741074271034,0.0,0.0,0.0,1001905.4407486868,1002878.5075030001
2004-09-01,1012614.927983897,915749.4864161724,1117558.836434767,992426.318889155,1032171.7815485201,0.0021786368178451734,-0.009622990598824767,0.01459765442164506,0.0021786368178451734,-0.009622990598824767,0.01459765442164506,0.0,0.0,0.0,1014821.0481483024,1019851.9047530001
2004-10-01,1019442.5290412086,916447.4124394117,1126926.0044775777,998425.0111339712,1040259.0296262346,-0.0018224450613384946,-0.012269694640467855,0.00777423123592351,-0.0018224450613384946,-0.012269694640467855,0.00777423123592351,0.0,0.0,0.0,1017584.651038839,1052916.539432
2004-11-01,1028691.1220425352,920364.1496813676,1128855.1973720924,1008668.1958418685,1049061.7425414256,-0.005327820160487874,-0.01573987021320237,0.005598350415779588,-0.005327820160487874,-0.01573987021320237,0.005598350415779588,0.0,0.0,0.0,1023210.4407436021,1059528.097544
2004-12-01,1037641.3733341418,927889.6390854471,1125143.8640444844,1018430.7493241981,1057484.5953411777,-0.010082220982103589,-0.019654206177364433,-0.0006184415880850255,-0.010082220982103589,-0.019654206177364433,-0.0006184415880850255,0.0,0.0,0.0,1027179.6437080136,1049681.530541
2005-01-01,1046889.9663354683,930452.546257845,1131452.69569654,1027746.8001682349,1066785.5508474708,-0.019161351365882484,-0.031741297438270324,-0.0074212368618913884,-0.019161351365882484,-0.031741297438270324,-0.0074212368618913884,0.0,0.0,0.0,1026830.1398490976,1054663.4621610001
2005-02-01,1056138.559336795,966706.5968753349,1165852.9575876065,1037157.6332741141,1076121.7754798403,0.010861275551087051,-0.004340955514532902,0.026315358081133104,0.010861275551087051,-0.004340955514532902,0.026315358081133104,0.0,0.0,0.0,1067609.5712498801,1063684.456586
2005-03-01,1064492.1272089612,982294.1756773846,1181648.4206344264,1044783.1285171008,1084723.3625687843,0.012487228444957721,0.005438477911187895,0.019656647351943324,0.012487228444957721,0.005438477911187895,0.019656647351943324,0.0,0.0,0.0,1077784.6835792784,1080300.723009
2005-04-01,1073740.7202102877,985982.9902562231,1185379.9980599198,1053613.399906346,1094548.0448060373,0.011621118203093236,0.003066679334991907,0.020240794888175668,0.011621118203093236,0.003066679334991907,0.020240794888175668,0.0,0.0,0.0,1086218.788039326,1103212.176155
2005-05-01,1082690.971501894,987376.1912257955,1194419.0490951512,1061828.901388395,1105362.3243705626,0.007480226451271498,-0.0008632836149719454,0.015205308860370588,0.007480226451271498,-0.0008632836149719454,0.015205308860370588,0.0,0.0,0.0,1090789.7451454753,1080376.912656
2005-06-01,1091939.5645032206,999117.6769643789,1197456.126207347,1069410.7066043639,1115437.9943162347,0.005184130935073084,-0.0032428850657699885,0.013264072651016173,0.005184130935073084,-0.0032428850657699885,0.013264072651016173,0.0,0.0,0.0,1097600.322178792,1118480.0112649999
2005-07-01,1104023.5677600456,998746.4475727371,1203191.5698886563,1081190.1101648947,1127794.1822136291,-0.0004228916273447886,-0.008565886462218076,0.007221104561006578,-0.0004228916273447886,-0.008565886462218076,0.007221104561006578,0.0,0.0,0.0,1103556.6854368486,1127478.808935
2005-08-01,1116510.3711254315,1017143.0945763123,1219996.7123893297,1094194.2355822613,1139820.4862436047,-0.0014616974251105037,-0.009767555242667729,0.006647140491146861,-0.0014616974251105037,-0.009767555242667729,0.006647140491146861,0.0,0.0,0.0,1114878.3707908483,1116564.725234
2005-09-01,1128997.1744908174,1027946.1566992512,1235845.797578753,1106664.3921245183,1151496.6201612945,-0.002036437687193886,-0.010997251153945025,0.0069827459684937065,-0.002036437687193886,-0.010997251153945025,0.0069827459684937065,0.0,0.0,0.0,1126698.042095949,1088183.790803
2005-10-01,1141081.1777476424,1032471.0080618226,1235417.3527817312,1118719.5631801316,1164716.3579599499,-0.0063622643583327735,-0.01392347107153762,0.0012294372666161674,-0.0063622643583327735,-0.01392347107153762,0.0012294372666161674,0.0,0.0,0.0,1133821.317640494,1103611.004422
2005-11-01,1153567.9811130282,1042766.9448479258,1243669.1342957425,1129484.6483111223,1177819.111595883,-0.005661418012470634,-0.01389145544971259,0.002064733944218222,-0.005661418012470634,-0.01389145544971259,0.002064733944218222,0.0,0.0,0.0,1147037.1505661455,1117138.413643
2005-12-01,1165651.984369853,1065180.3815922218,1265441.9603724873,1139264.8237597626,1190513.1235801855,-0.005304548375473705,-0.012889509674092275,0.001950634375777601,-0.005304548375473705,-0.012889509674092275,0.001950634375777601,0.0,0.0,0.0,1159468.7270297962,1132269.494352
2006-01-01,1178138.787735239,1066832.7875663098,1267315.1881302444,1151118.4562778356,1203175.1317336145,-0.011369695139066636,-0.02047018958071097,-0.0030099897355231942,-0.011369695139066636,-0.02047018958071097,-0.0030099897355231942,0.0,0.0,0.0,1164743.7088871798,1139979.304855
2006-02-01,1195281.4765958616,1092382.463654854,1300374.3190123097,1169590.8007853902,1219622.47253092,0.006036726341441683,-0.004914187253255538,0.01678907470817973,0.006036726341441683,-0.004914187253255538,0.01678907470817973,0.0,0.0,0.0,1202497.063771065,1155864.390619
2006-03-01,1210765.1955667464,1114566.6330497619,1322506.8227385655,1186256.340910278,1234177.1315939566,0.008357367061932108,-0.0014218428639747912,0.017494554550801976,0.008357367061932108,-0.0014218428639747912,0.017494554550801976,0.0,0.0,0.0,1220884.0047319098,1189902.278009
2006-04-01,1227907.8844273689,1138483.7024920455,1343217.9835961303,1203322.5258909352,1250285.255430671,0.00970756661746371,0.0017261955510069166,0.01914534156744104,0.00970756661746371,0.0017261955510069166,0.01914534156744104,0.0,0.0,0.0,1239827.8820155566,1216592.843908
2006-05-01,1244497.5833247453,1155702.7630838712,1365257.8604621908,1221500.9605185399,1266431.1039708785,0.011222236607401065,0.002959382803705032,0.019165360805976292,0.011222236607401065,0.002959382803705032,0.019165360805976292,0.0,0.0,0.0,1258463.6296621545,1228219.0074719999
2006-06-01,1261640.2721853678,1166244.7544769987,1367869.1495170505,1238143.344499012,1283380.9790332227,0.007863097868755095,-0.0004968475691765478,0.015790640935759142,0.007863097868755095,-0.0004968475691765478,0.015790640935759142,0.0,0.0,0.0,1271560.673120724,1233629.529935
2006-07-01,1278229.9710827442,1179450.530778079,1380032.0195592132,1255343.190502111,1299856.706832644,0.00022120325793296798,-0.00859148503752793,0.008943265353777315,0.00022120325793296798,-0.00859148503752793,0.008943265353777315,0.0,0.0,0.0,1278512.7197167352,1244757.217038
2006-08-01,1295372.6599433667,1196441.5010083935,1401366.5964316614,1272153.9312903564,1316941.0193810898,0.0005885599482373183,-0.007403874232233922,0.008168765605470061,0.0005885599482373183,-0.007403874232233922,0.008168765605470061,0.0,0.0,0.0,1296135.064409051,1245357.394152
2006-09-01,1312515.3488039894,1201359.1073871143,1407252.35780879,1289212.7597644485,1334211.0125519484,-0.006356513694225847,-0.01476061810626111,0.00222352508969654,-0.006356513694225847,-0.01476061810626111,0.00222352508969654,0.0,0.0,0.0,1304172.327015435,1268722.15848
2006-10-01,1331027.9228713715,1219321.1233101971,1418445.1476082602,1308588.002510966,1352049.0233371418,-0.010809640192448216,-0.018872838656611036,-0.0023309584306232816,-0.010809640192448216,-0.018872838656611036,-0.0023309584306232816,0.0,0.0,0.0,1316639.9899390303,1287620.408329
2006-11-01,1350157.5827409995,1233638.3675797922,1447031.5308449308,1327813.106409894,1370017.277203769,-0.005809191941657558,-0.014042457410982867,0.0024869544883995014,-0.005809191941657558,-0.014042457410982867,0.0024869544883995014,0.0,0.0,0.0,1342314.2581913727,1319413.624183
2006-12-01,1368670.1568083814,1268611.342586992,1463261.9732404787,1346846.3056687708,1387644.0924672545,-0.0004261014954014497,-0.008428689588725481,0.007619545522699873,-0.0004261014954014497,-0.008428689588725481,0.007619545522699873,0.0,0.0,0.0,1368086.964407854,1355867.8805290002
2007-01-01,1387799.8166780097,1291033.4780286849,1488693.2507590197,1366403.3931292233,1407369.1199591544,-0.0037368586039041125,-0.01191562962705532,0.004443713703988349,-0.0037368586039041125,-0.01191562962705532,0.004443713703988349,0.0,0.0,0.0,1382613.8049925598,1358380.249434
2007-02-01,1406929.4765476377,1304475.188087181,1507695.7963609986,1386137.4271023693,1426202.631611365,0.0010004607105960973,-0.007228852947652119,0.008976214657640485,0.0010004607105960973,-0.007228852947652119,0.008976214657640485,0.0,0.0,0.0,1408337.0542115031,1383489.2704110001
2007-03-01,1424207.8790105276,1332079.6616795599,1533127.6480943947,1403488.1655153544,1443191.8542914318,0.00427936669743847,-0.009002778589725643,0.017366781352852943,0.00427936669743847,-0.009002778589725643,0.017366781352852943,0.0,0.0,0.0,1430302.5867781949,1392999.843747
2007-04-01,1443337.538880156,1347597.8781843416,1554089.2107712824,1423240.1175562206,1462598.5182022932,0.007944502245348851,-0.0029498530603248546,0.01932911654348958,0.007944502245348851,-0.0029498530603248546,0.01932911654348958,0.0,0.0,0.0,1454804.1371985856,1416594.319219
2007-05-01,1461850.1129475383,1375739.5990571177,1587584.7948580165,1440376.098812321,1480838.7110860888,0.015061134061073934,0.0036363396744430536,0.02603065235711095,0.015061134061073934,0.0036363396744430536,0.02603065235711095,0.0,0.0,0.0,1483867.2334758374,1435288.03005
2007-06-01,1480996.509813218,1399001.6012871712,1599735.0680133973,1461564.4721383268,1499214.6004845514,0.010517919067801794,-0.0006455001026999378,0.020820150440843403,0.010517919067801794,-0.0006455001026999378,0.020820150440843403,0.0,0.0,0.0,1496573.5112431303,1473376.810444
2007-07-01,1499525.2809735537,1396837.0544567972,1602821.0458692638,1480285.5571184852,1517709.4295033696,0.0008044330652474216,-0.011866415094681827,0.012263436132525635,0.0008044330652474216,-0.011866415094681827,0.012263436132525635,0.0,0.0,0.0,1500731.5486917433,1500876.3225729999
2007-08-01,1518671.6778392338,1420594.7107570744,1625000.4093215468,1499176.7409629226,1537497.3804231007,0.002515540539913767,-0.007962923278310222,0.013200918363011618,0.002515540539913767,-0.007962923278310222,0.013200918363011618,0.0,0.0,0.0,1522491.9580116572,1545153.100697
2007-09-01,1537818.0747049137,1420075.3083617147,1622481.5845346893,1518011.5875237207,1558378.8845147358,-0.010775423702092255,-0.022241473580559196,1.6502774522513677e-06,-0.010775423702092255,-0.022241473580559196,1.6502774522513677e-06,0.0,0.0,0.0,1521247.4333732324,1573267.543187
2007-10-01,1556346.8458652492,1429724.8678387399,1637363.001483957,1535885.053444304,1577695.1934632775,-0.015157921693314744,-0.025782959652894365,-0.004329034756351636,-0.015157921693314744,-0.025782959652894365,-0.004329034756351636,0.0,0.0,0.0,1532755.8622479863,1613992.773451
2007-11-01,1575493.242730929,1469798.0889502286,1669798.9971444865,1553788.6424413174,1598237.9465048392,-0.0057710371160408945,-0.017124644664406375,0.005341226551460595,-0.0057710371160408945,-0.017124644664406375,0.005341226551460595,0.0,0.0,0.0,1566401.0127510573,1644119.603999
2007-12-01,1594022.0138912646,1497128.3699733624,1705805.2733631344,1571258.670421179,1617630.9919260805,0.004544851240179741,-0.006528371290362751,0.01512520233570912,0.004544851240179741,-0.006528371290362751,0.01512520233570912,0.0,0.0,0.0,1601266.6068179721,1654481.080278
2008-01-01,1610639.4652490362,1516012.7072760111,1724281.5129720778,1589064.5675862296,1633270.3009587994,0.0037279698835264276,-0.00789153890229478,0.01545845568036802,0.0037279698835264276,-0.00789153890229478,0.01545845568036802,0.0,0.0,0.0,1616643.8806687037,1675721.5117600001
2008-02-01,1627256.9166068078,1515101.5113109024,1720279.7411725956,1605120.2274636214,1649479.2372786102,-0.004243021407111014,-0.013186650121682346,0.004903904252139736,-0.004243021407111014,-0.013186650121682346,0.004903904252139736,0.0,0.0,0.0,1620352.4306747757,1692336.180917
2008-03-01,1642802.2743285943,1562936.844776149,1773924.3985365652,1620417.7919166202,1664611.7477184737,0.016661765100601775,0.00745452187911015,0.026390269049959798,0.016661765100601775,0.00745452187911015,0.026390269049959798,0.0,0.0,0.0,1670174.2599301918,1718203.777374
2008-04-01,1659419.725686366,1572019.6791950858,1780441.653412903,1637537.0050021196,1681035.0443158315,0.013682270574129015,0.001543442377396633,0.02515784004644721,0.013682270574129015,0.001543442377396633,0.02515784004644721,0.0,0.0,0.0,1682124.3553692538,1732027.532343
2008-05-01,1675501.1302261448,1585025.049382318,1787518.6027063492,1652783.191734486,1697599.2726405114,0.0038400076922250346,-0.006916613085105055,0.014477173760980604,0.0038400076922250346,-0.006916613085105055,0.014477173760980604,0.0,0.0,0.0,1681935.067454545,1760789.947071
2008-06-01,1692118.5815839164,1596403.4893848335,1796824.529943922,1668821.0550308053,1714908.7251106463,0.0024858169559965715,-0.008823196037373809,0.014095978756854838,0.0024858169559965715,-0.008823196037373809,0.014095978756854838,0.0,0.0,0.0,1696324.8786455744,1763823.0689680001
2008-07-01,1708199.9861236957,1608139.4046425337,1809851.3261994272,1683217.0426815718,1732643.6546603956,-0.0011256681956942772,-0.01202052626844479,0.009521973710604906,-0.0011256681956942772,-0.01202052626844479,0.009521973710604906,0.0,0.0,0.0,1706277.1197274309,1777795.757616
2008-08-01,1724817.4374814674,1615716.7478436914,1824316.7618790676,1699661.6345500085,1750923.876045793,-0.003634094852654915,-0.014572844575597316,0.007570741074274018,-0.003634094852654915,-0.014572844575597316,0.007570741074274018,0.0,0.0,0.0,1718549.2873101467,1801320.690481
2008-09-01,1736633.5620298558,1635440.0197550105,1845798.5709716324,1713246.9215150536,1760090.346803661,0.0021786368178650568,-0.009622990598799673,0.01459765442165084,0.0021786368178650568,-0.009622990598799673,0.01459765442165084,0.0,0.0,0.0,1740417.0558472343,1812776.2322119998
2008-10-01,1748068.5212702323,1645776.245466707,1850792.1275384596,1725634.8394961576,1770438.8569902917,-0.0018224450613348957,-0.012269694640464988,0.007774231235927712,-0.0018224450613348957,-0.012269694640464988,0.007774231235927712,0.0,0.0,0.0,1744882.7624267684,1849644.418033
2008-11-01,1759884.6458186212,1645527.7064003882,1849174.7612494065,1738508.5347105607,1781063.1936610767,-0.005327820160486165,-0.015739870213204485,0.005598350415811024,-0.005327820160486165,-0.015739870213204485,0.005598350415811024,0.0,0.0,0.0,1750508.2969224986,1860759.793797
2008-12-01,1771319.6050589974,1649888.2375302927,1858510.0972858903,1750741.4876150037,1792015.864736989,-0.01008222098210823,-0.019654206177358115,-0.0006184415880727568,-0.01008222098210823,-0.019654206177358115,-0.0006184415880727568,0.0,0.0,0.0,1753460.769370852,1831734.0644049998
2009-01-01,1783135.729607386,1645839.8597151213,1849947.6477295372,1763116.9002346918,1802524.7366063918,-0.019161351365924572,-0.031741297438321624,-0.0074212368619198795,-0.019161351365924572,-0.031741297438321624,-0.0074212368619198795,0.0,0.0,0.0,1748968.4393592447,1845417.0141830002
2009-02-01,1794951.854155775,1720074.1823549143,1911122.5754026836,1774687.7476737562,1814234.4391811672,0.010861275551069543,-0.0043409555145365155,0.026315358081105307,0.010861275551069543,-0.0043409555145365155,0.026315358081105307,0.0,0.0,0.0,1814447.320844664,1846026.451336
2009-03-01,1805624.4827801262,1725120.9588995546,1926550.5559868582,1785263.5737890818,1824772.236285941,0.01248722844494909,0.005438477911171094,0.01965664735193822,0.01248722844494909,0.005438477911171094,0.01965664735193822,0.0,0.0,0.0,1828171.7281823948,1820071.8181099999
2009-04-01,1817440.607328515,1737496.410873592,1937034.955804499,1797008.8605464618,1836469.5279489695,0.011621118203063526,0.0030666793349671444,0.0202407948881182,0.011621118203063526,0.0030666793349671444,0.0202407948881182,0.0,0.0,0.0,1838561.2994533272,1802916.754175
2009-05-01,1828655.7303747574,1747951.0188133796,1944990.9010875209,1808919.0987118054,1847476.1331333497,0.007480226451280964,-0.000863283614961996,0.015205308860363595,0.007480226451280964,-0.000863283614961996,0.015205308860363595,0.0,0.0,0.0,1842334.4893393933,1783243.238634
2009-06-01,1840244.690855874,1745488.0704033186,1956860.27398942,1820223.1940526168,1858625.9211913648,0.005184130935067732,-0.0032428850657613153,0.013264072651022432,0.005184130935067732,-0.0032428850657613153,0.013264072651022432,0.0,0.0,0.0,1849784.760285834,1784516.095166
2009-07-01,1851459.8139021161,1748647.300399161,1952427.7658042214,1831280.9222453155,1870744.0624194746,-0.0004228916273568573,-0.008565886462281104,0.007221104561039513,-0.0004228916273568573,-0.008565886462281104,0.007221104561039513,0.0,0.0,0.0,1850676.8470484293,1797256.169366
2009-08-01,1863048.774383233,1760337.4034485188,1961557.8225794258,1842484.8004076397,1881397.2853254112,-0.0014616974251208047,-0.009767555242665602,0.00664714049115347,-0.0014616974251208047,-0.009767555242665602,0.00664714049115347,0.0,0.0,0.0,1860325.5607868424,1786211.3314240002
2009-09-01,1874637.7348643495,1764909.094017915,1971159.0687272581,1853994.4251622544,1893950.8142647445,-0.0020364376871884835,-0.010997251153936034,0.006982745968486654,-0.0020364376871884835,-0.010997251153936034,0.006982745968486654,0.0,0.0,0.0,1870820.151931246,1825486.206396
2009-10-01,1885852.8579105916,1776554.3532615725,1969483.3717447936,1865222.8093112714,1906190.0841976656,-0.006362264358339472,-0.013923471071543653,0.0012294372666326833,-0.006362264358339472,-0.013923471071543653,0.0012294372666326833,0.0,0.0,0.0,1873854.5634876345,1840684.734552
2009-11-01,1897441.8183917084,1780548.112426844,1984120.527661653,1876024.356825913,1918917.576965558,-0.005661418012466524,-0.013891455449716381,0.002064733944219755,-0.005661418012466524,-0.013891455449716381,0.002064733944219755,0.0,0.0,0.0,1886699.6071034584,1860538.034421
2009-12-01,1908656.9414379501,1793147.683255519,2006625.5422997521,1886016.3789895468,1931084.0986073646,-0.005304548375480862,-0.01288950967410275,0.0019506343757741717,-0.005304548375480862,-0.01288950967410275,0.0019506343757741717,0.0,0.0,0.0,1898532.3783598952,1906554.251988
2010-01-01,1922256.8921971768,1795531.2139269619,2006351.9613692213,1900029.4109356347,1945664.8346708207,-0.011369695139068329,-0.020470189580709133,-0.0030099897355157904,-0.011369695139068329,-0.020470189580709133,-0.0030099897355157904,0.0,0.0,0.0,1900401.4173539218,1905480.086251
2010-02-01,1935856.8429564035,1840062.783477841,2048952.7096838623,1913797.721740508,1958412.9821414878,0.006036726341432627,-0.004914187253247007,0.016789074708178912,0.006036726341432627,-0.004914187253247007,0.016789074708178912,0.0,0.0,0.0,1947543.0809535212,1905679.7021919999
2010-03-01,1948140.6694486083,1862546.9392838678,2071568.0336757575,1925620.1402340021,1971795.3771375003,0.008357367061935544,-0.0014218428639625868,0.01749455455080109,0.008357367061935544,-0.0014218428639625868,0.01749455455080109,0.0,0.0,0.0,1964421.996111475,1907498.205016
2010-04-01,1961740.620207835,1878068.3255611993,2085109.3328262584,1938749.1130278665,1986019.8312041035,0.00970756661748939,0.0017261955510505748,0.01914534156743961,0.00970756661748939,0.0017261955510505748,0.01914534156743961,0.0,0.0,0.0,1980784.3479647373,1903850.328753
2010-05-01,1974901.862878054,1896779.3951802268,2098312.8386295736,1951612.007002861,2000110.2144304544,0.011222236607410762,0.0029593828037468577,0.019165360806023837,0.011222236607410762,0.0029593828037468577,0.019165360806023837,0.0,0.0,0.0,1997064.6788596879,1939132.3284349998
2010-06-01,1988501.8136372806,1897020.8454678936,2110151.9189011124,1963302.5346798203,2015135.7109171336,0.007863097868768959,-0.0004968475691738114,0.015790640935777134,0.007863097868768959,-0.0004968475691738114,0.015790640935777134,0.0,0.0,0.0,2004137.5980101353,1951028.68717
2010-07-01,2001663.0563075002,1907745.8489480803,2100761.26727599,1974393.222737243,2029710.1560983812,0.00022120325793076703,-0.008591485037518585,0.008943265353748953,0.00022120325793076703,-0.008591485037518585,0.008943265353748953,0.0,0.0,0.0,2002105.830696835,1964936.007463
2010-08-01,2020856.1052724633,1921680.8589605677,2125670.8527032975,1995283.6318489567,2046872.4858404938,0.0005885599482418104,-0.0074038742322124216,0.008168765605498344,0.0005885599482418104,-0.0074038742322124216,0.008168765605498344,0.0,0.0,0.0,2022045.5002371867,1985959.9751610002
2010-09-01,2040049.1542374264,1924785.4973532395,2125199.4205508204,2015730.2143403753,2063786.2188687546,-0.006356513694228503,-0.01476061810625129,0.0022235250896760566,-0.006356513694228503,-0.01476061810625129,0.0022235250896760566,0.0,0.0,0.0,2027081.5538516168,2006537.9698939999
2010-10-01,2058623.0725906168,1932761.8031990507,2136821.0814561765,2035963.945596098,2081149.9525682144,-0.010809640192445987,-0.018872838656608878,-0.0023309584306075524,-0.010809640192445987,-0.018872838656608878,-0.0023309584306075524,0.0,0.0,0.0,2036370.0978840445,2029415.583365
2010-11-01,2077816.12155558,1963044.0183599172,2172195.0838085054,2056604.777971822,2099374.895584163,-0.005809191941657786,-0.014042457411018663,0.0024869544884203038,-0.005809191941657786,-0.014042457411018663,0.0024869544884203038,0.0,0.0,0.0,2065745.6888859929,2056906.095942
2010-12-01,2096390.0399087698,1988574.305340107,2194389.1799772354,2075142.8710407482,2118204.120515665,-0.0004261014954065689,-0.008428689588728945,0.007619545522677079,-0.0004261014954065689,-0.008428689588728945,0.007619545522677079,0.0,0.0,0.0,2095496.7649778093,2074238.943288
2011-01-01,2115583.0888737333,2007372.101154902,2211727.91080423,2093129.0316599489,2136732.883965576,-0.0037368586038896722,-0.011915629627042349,0.004443713704032843,-0.0037368586038896722,-0.011915629627042349,0.004443713704032843,0.0,0.0,0.0,2107677.454005832,2084373.680475
2011-02-01,2134776.137838696,2038268.448611897,2237438.122117228,2112843.2512399247,2156806.026832914,0.0010004607105756366,-0.00722885294766467,0.008976214657632712,0.0010004607105756366,-0.00722885294766467,0.008976214657632712,0.0,0.0,0.0,2136911.897490478,2126501.1892770003
2011-03-01,2152111.7949683405,2059452.7677777403,2262742.6119778436,2129651.4243789604,2173827.156987161,0.004279366697441733,-0.009002778589701157,0.01736678135284424,0.004279366697441733,-0.009002778589701157,0.01736678135284424,0.0,0.0,0.0,2161321.4705128996,2145543.0291330004
2011-04-01,2174134.454455253,2092328.6529978577,2306723.1822151034,2153101.796517721,2195048.972884819,0.00794450224534275,-0.0029498530603480613,0.01932911654346862,0.00794450224534275,-0.0029498530603480613,0.01932911654346862,0.0,0.0,0.0,2191406.87051035,2186407.968746
2011-05-01,2195446.7055716203,2122570.3921483927,2339737.8987634974,2175174.1418722416,2215939.3339282763,0.015061134061070923,0.003636339674477019,0.0260306523571003,0.015061134061070923,0.003636339674477019,0.0260306523571003,0.0,0.0,0.0,2228512.622728171,2189454.0562509997
2011-06-01,2217469.365058533,2139563.160988824,2340505.5544366967,2197360.9550511832,2236629.51982621,0.010517919067814066,-0.000645500102702235,0.020820150440856118,0.010517919067814066,-0.000645500102702235,0.020820150440856118,0.0,0.0,0.0,2240792.5283755753,2183228.848992
2011-07-01,2238781.6161749,2137269.8960011955,2345522.1298527396,2219856.7586467457,2257986.768153368,0.0008044330652490441,-0.011866415094681722,0.012263436132523536,0.0008044330652490441,-0.011866415094681722,0.012263436132523536,0.0,0.0,0.0,2240582.5661328225,2210782.021373
2011-08-01,2260804.275661812,2166730.6816456257,2369859.949229929,2241816.6187967313,2279706.611186075,0.0025155405399142554,-0.007962923278295958,0.013200918363024925,0.0025155405399142554,-0.007962923278295958,0.013200918363024925,0.0,0.0,0.0,2266491.420470051,2237047.86859
2011-09-01,2282826.935148725,2150289.7703050952,2363678.945673707,2263886.3465354787,2301172.7182249497,-0.010775423702093398,-0.022241473580563914,1.650277454718108e-06,-0.010775423702093398,-0.022241473580563914,1.650277454718108e-06,0.0,0.0,0.0,2258228.507683946,2290387.809941
2011-10-01,2304139.186265093,2169869.272237473,2375813.01467337,2284692.382216458,2322803.3755070604,-0.01515792169332515,-0.025782959652907743,-0.004329034756386897,-0.01515792169332515,-0.025782959652907743,-0.004329034756386897,0.0,0.0,0.0,2269213.2249091645,2287954.868325
2011-11-01,2326161.845752005,2210870.1459689424,2419786.662825869,2306979.968666194,2345372.3869737913,-0.0057710371160368075,-0.017124644664398638,0.005341226551468037,-0.0057710371160368075,-0.017124644664398638,0.005341226551468037,0.0,0.0,0.0,2312737.479402262,2340816.2914299998
2011-12-01,2348349.3261883906,2260583.3041594424,2462955.9594161375,2329156.97289019,2367089.5624394203,0.004544851240159451,-0.00652837129039124,0.015125202335615416,0.004544851240159451,-0.00652837129039124,0.015125202335615416,0.0,0.0,0.0,2359022.224535845,2402594.0404419997
2012-01-01,2371276.389305989,2271146.585644427,2485569.7521259924,2352427.2439710447,2389346.6153500667,0.003727969883525725,-0.007891538902291257,0.015458455680377561,0.003727969883525725,-0.007891538902291257,0.015458455680377561,0.0,0.0,0.0,2380116.436270837,2391060.136219
2012-02-01,2394203.452423588,2279658.009777989,2486948.119021211,2375663.704718727,2412389.6243316387,-0.004243021407123995,-0.013186650121710188,0.004903904252136947,-0.004243021407123995,-0.013186650121710188,0.004903904252136947,0.0,0.0,0.0,2384044.7959219445,2393544.969449
2012-03-01,2415651.3501787605,2349868.7645497886,2563966.9629743407,2397162.1987897344,2433761.2091507018,0.016661765100579193,0.007454521879074094,0.02639026904989975,0.016661765100579193,0.007454521879074094,0.02639026904989975,0.0,0.0,0.0,2455900.365540336,2437622.24034
2012-04-01,2438578.413296359,2366482.376765282,2582524.762064831,2420465.9627667195,2456985.7290260782,0.01368227057411976,0.0015434423774422295,0.02515784004642728,0.01368227057411976,0.0015434423774422295,0.02515784004642728,0.0,0.0,0.0,2471943.7029632875,2447831.336214
2012-05-01,2460765.8937327447,2367590.8950523124,2569171.169084967,2442934.9087688588,2479470.316364353,0.0038400076922220625,-0.0069166130851067145,0.014477173760980708,0.0038400076922220625,-0.0069166130851067145,0.014477173760980708,0.0,0.0,0.0,2470215.2536934363,2502858.175853
2012-06-01,2483692.956850344,2381118.0617872113,2593310.3841654635,2465496.923969399,2502555.3935254742,0.0024858169560443948,-0.008823196037380293,0.014095978756881218,0.0024858169560443948,-0.008823196037380293,0.014095978756881218,0.0,0.0,0.0,2489866.9629160906,2524094.270445
2012-07-01,2506023.7067732927,2401435.443809069,2607433.6694990783,2488188.937169924,2524017.168055167,-0.0011256681957021808,-0.012020526268497667,0.009521973710611592,-0.0011256681957021808,-0.012020526268497667,0.009521973710611592,0.0,0.0,0.0,2503202.7555889026,2536077.356147
2012-08-01,2529098.815027007,2418507.965777988,2626083.634003337,2510984.413777461,2546754.6465104334,-0.003634094852662703,-0.014572844575601337,0.007570741074260327,-0.003634094852662703,-0.014572844575601337,0.007570741074260327,0.0,0.0,0.0,2519907.8300414416,2556033.504545
2012-09-01,2552173.923280721,2454088.2956888345,2659822.948585108,2534277.3402148993,2569795.676851226,0.0021786368178095526,-0.009622990598802512,0.014597654421590502,0.0021786368178095526,-0.009622990598802512,0.014597654421590502,0.0,0.0,0.0,2557734.183355434,2585131.229613
2012-10-01,2574504.67320367,2467423.652689531,2678083.660107088,2556543.6809008364,2592391.090102942,-0.0018224450613217025,-0.012269694640466152,0.007774231235946513,-0.0018224450613217025,-0.012269694640466152,0.007774231235946513,0.0,0.0,0.0,2569812.7798766405,2598629.815839
2012-11-01,2597579.7814573837,2482872.076653875,2688979.8278494673,2579223.2064112327,2615571.5417224113,-0.005327820160480933,-0.01573987021319003,0.0055983504157915915,-0.005327820160480933,-0.01573987021319003,0.0055983504157915915,0.0,0.0,0.0,2583740.3435292775,2647077.183009
2012-12-01,2619910.531380333,2493026.1550216847,2699596.3556198236,2601398.3388786265,2638648.1198928826,-0.010082220982097925,-0.01965420617735463,-0.0006184415880761615,-0.010082220982097925,-0.01965420617735463,-0.0006184415880761615,0.0,0.0,0.0,2593496.014449631,2688283.3244669996
2013-01-01,2642985.6396340467,2487930.585432794,2693863.268782469,2624087.5390084963,2661940.971804997,-0.019161351365928177,-0.03174129743832419,-0.007421236861949337,-0.019161351365928177,-0.03174129743832419,-0.007421236861949337,0.0,0.0,0.0,2592342.4631379163,2682331.021863
2013-02-01,2666060.747887761,2590757.682161927,2800385.524500101,2647042.3360289587,2685328.5945778545,0.010861275551072651,-0.004340955514539214,0.026315358081113464,0.010861275551072651,-0.004340955514539214,0.026315358081113464,0.0,0.0,0.0,2695017.5683064684,2696138.169513
2013-03-01,2687125.567472988,2614565.2685017986,2820573.2377995336,2667936.242522783,2706905.6542792716,0.012487228444976142,0.005438477911203646,0.019656647351978834,0.012487228444976142,0.005438477911203646,0.019656647351978834,0.0,0.0,0.0,2720680.3182943594,2709324.003252
2013-04-01,2710447.332013776,2640427.521682374,2844041.306639776,2691141.1879218323,2729346.2169430126,0.011621118203077702,0.0030666793349497915,0.02024079488813318,0.011621118203077702,0.0030666793349497915,0.02024079488813318,0.0,0.0,0.0,2741945.7608423247,2719347.708239
2013-05-01,2733016.7815693775,2648845.0485034725,2859711.848627707,2713362.426730736,2752530.0154825784,0.007480226451277998,-0.0008632836149617321,0.015205308860367075,0.007480226451277998,-0.0008632836149617321,0.015205308860367075,0.0,0.0,0.0,2753460.3659906597,2747611.669228
2013-06-01,2756338.546110165,2674906.120122459,2881261.9654613202,2736450.501117095,2776159.872419687,0.005184130935070493,-0.0032428850657877273,0.013264072651037732,0.005184130935070493,-0.0032428850657877273,0.013264072651037732,0.0,0.0,0.0,2770627.7660345817,2774811.881543
2013-07-01,2778907.995665766,2673353.4751939625,2879562.859972727,2758875.7200049423,2799033.389630249,-0.0004228916273361294,-0.008565886462245697,0.007221104561071719,-0.0004228916273361294,-0.008565886462245697,0.007221104561071719,0.0,0.0,0.0,2777732.8187412615,2783275.062328
2013-08-01,2802229.7602065536,2694450.965705858,2903753.3611413706,2781288.5571172563,2822833.7987606926,-0.0014616974251267355,-0.009767555242682073,0.006647140491137252,-0.0014616974251267355,-0.009767555242682073,0.006647140491137252,0.0,0.0,0.0,2798133.7481814465,2830583.20198
2013-09-01,2825551.524747341,2719633.0439677075,2927844.064845518,2804557.7319438183,2846839.157159608,-0.0020364376871694367,-0.010997251153918919,0.0069827459685234015,-0.0020364376871694367,-0.010997251153918919,0.0069827459685234015,0.0,0.0,0.0,2819797.4651353066,2827717.13453
2013-10-01,2848120.9743029433,2732331.0118151223,2934274.2102637608,2826436.154138094,2869648.3188018347,-0.006362264358354879,-0.013923471071571847,0.0012294372665687117,-0.006362264358354879,-0.013923471071571847,0.0012294372665687117,0.0,0.0,0.0,2830000.475739853,2865484.224585
2013-11-01,2872582.5143899187,2751427.978954699,2959488.9788954156,2850151.9771840977,2894153.4729737886,-0.005661418012462575,-0.01389145544969082,0.0020647339442268196,-0.005661418012462575,-0.01389145544969082,0.0020647339442268196,0.0,0.0,0.0,2856319.6240006667,2911582.5789
2013-12-01,2896254.9725386044,2782755.299560876,2984587.5192891834,2872684.1249472927,2918231.96030611,-0.00530454837547031,-0.012889509674091734,0.0019506343757878112,-0.00530454837547031,-0.012889509674091734,0.0019506343757878112,0.0,0.0,0.0,2880891.647929077,2936726.959343
2014-01-01,2920716.5126255797,2780232.976309456,2994948.9501369065,2896322.5065913247,2943311.114499899,-0.011369695139032214,-0.020470189580678463,-0.003009989735524133,-0.011369695139032214,-0.020470189580678463,-0.003009989735524133,0.0,0.0,0.0,2887508.8562894897,2924513.516362
2014-02-01,2945178.052712555,2864471.382969724,3069820.1996943518,2920495.896008046,2968862.2660257127,0.0060367263414233974,-0.004914187253255222,0.016789074708162377,0.0060367263414233974,-0.004914187253255222,0.016789074708162377,0.0,0.0,0.0,2962957.286643547,2926336.542814
2014-03-01,2967272.346984662,2888033.9453690043,3098168.6797277974,2940919.9731269595,2991507.6228765612,0.008357367061902453,-0.0014218428640188842,0.017494554550759222,0.008357367061902453,-0.0014218428640188842,0.017494554550759222,0.0,0.0,0.0,2992070.9311610456,2943325.977668
2014-04-01,2991733.8870716374,2914910.7517860346,3121734.8736671302,2964910.1075820536,3017145.5499200127,0.009707566617507846,0.0017261955510492434,0.019145341567466206,0.009707566617507846,0.0017261955510492434,0.019145341567466206,0.0,0.0,0.0,3020776.3430822412,2946795.5423810002
2014-05-01,3015406.345220323,2934339.1174115604,3147444.7999836374,2987387.894019434,3042362.81193009,0.011222236607400614,0.0029593828037097155,0.019165360805977645,0.011222236607400614,0.0029593828037097155,0.019165360805977645,0.0,0.0,0.0,3049245.9486938426,3003373.159286
2014-06-01,3046376.3622082663,2962825.3858360313,3180734.0627503046,3021073.146474054,3070733.0019757054,0.007863097868786516,-0.0004968475691540231,0.015790640935811034,0.007863097868786516,-0.0004968475691540231,0.015790640935811034,0.0,0.0,0.0,3070330.317689468,3008412.9169139997
2014-07-01,3076347.346390146,2970876.6607295526,3175920.4980700216,3052725.6165721607,3099498.972857878,0.00022120325793037392,-0.008591485037507455,0.00894326535379376,0.00022120325793037392,-0.008591485037507455,0.00894326535379376,0.0,0.0,0.0,3077027.8444456924,3031678.402803
2014-08-01,3107317.3633780894,3001562.6214261376,3209784.832491667,3084347.493884753,3130282.74847075,0.0005885599482358898,-0.007403874232228176,0.008168765605491006,0.0005885599482358898,-0.007403874232228176,0.008168765605491006,0.0,0.0,0.0,3109146.2059246316,3055967.602384
2014-09-01,3138287.380366033,3014494.1268276917,3226673.8501432305,3114780.8465145263,3160859.893758786,-0.0063565136942230335,-0.01476061810624941,0.0022235250896819963,-0.0063565136942230335,-0.01476061810624941,0.0022235250896819963,0.0,0.0,0.0,3118338.8136563287,3065823.3660810003
2014-10-01,3168258.3645479134,3023363.6676631854,3238898.2415675377,3143473.701511783,3192360.021746508,-0.010809640192449147,-0.01887283865659862,-0.0023309584306216587,-0.010809640192449147,-0.01887283865659862,-0.0023309584306216587,0.0,0.0,0.0,3134010.631590433,3097954.107536
2014-11-01,3199228.3815358565,3081081.1876357524,3290182.1806065906,3172850.901144153,3225391.884776174,-0.005809191941656058,-0.01404245741099349,0.002486954488408415,-0.005809191941656058,-0.01404245741099349,0.002486954488408415,0.0,0.0,0.0,3180643.449802321,3185552.825734
2014-12-01,3229199.3657177375,3121311.6950775273,3325023.627566829,3199494.466997781,3258297.338300848,-0.00042610149541704925,-0.008428689588731834,0.0076195455226651075,-0.00042610149541704925,-0.008428689588731834,0.0076195455226651075,0.0,0.0,0.0,3227823.3990390054,3247170.590005
2015-01-01,3260169.3827056806,3146247.3233360094,3349296.047528212,3228514.758769748,3292307.7956097424,-0.003736858603889076,-0.011915629627012958,0.004443713704019002,-0.003736858603889076,-0.011915629627012958,0.004443713704019002,0.0,0.0,0.0,3247986.590697781,3278303.7208889998
2015-02-01,3301083.844220819,3197792.854129088,3402257.867503367,3270817.6848692168,3331770.9234283045,0.0010004607105936582,-0.007228852947659557,0.008976214657647042,0.0010004607105936582,-0.007228852947659557,0.008976214657647042,0.0,0.0,0.0,3304386.448909337,3269084.188788
2015-03-01,3338038.841718364,3239214.339497009,3461356.125426018,3309132.6328057623,3367543.599679075,0.004279366697459625,-0.009002778589710039,0.01736678135289014,0.004279366697459625,-0.009002778589710039,0.01736678135289014,0.0,0.0,0.0,3352323.5339724403,3308717.6932119997
2015-04-01,3378953.3032335015,3291229.404772534,3513131.243826054,3351605.440607347,3406640.181057741,0.007944502245320877,-0.0029498530603489573,0.019329116543464583,0.007944502245320877,-0.0029498530603489573,0.019329116543464583,0.0,0.0,0.0,3405797.4053378743,3345479.6794849997
2015-05-01,3418547.9434094424,3362467.67516048,3580361.2208098276,3392969.7605560874,3444720.1596043734,0.015061134061069058,0.0036363396744652377,0.02603065235710242,0.015061134061069058,0.0036363396744652377,0.02603065235710242,0.0,0.0,0.0,3470035.1522793244,3401358.73716
2015-06-01,3459462.40492458,3394285.9038540944,3599689.1979988483,3433786.8986779493,3483974.5364697184,0.01051791906779568,-0.0006455001027171209,0.020820150440865593,0.01051791906779568,-0.0006455001027171209,0.020820150440865593,0.0,0.0,0.0,3495848.750517659,3403481.885316
2015-07-01,3499057.045100521,3390210.980155761,3613232.2005491476,3474788.792766697,3522922.358812543,0.0008044330652589485,-0.01186641509467877,0.012263436132538514,0.0008044330652589485,-0.01186641509467877,0.012263436132538514,0.0,0.0,0.0,3501871.802284827,3448588.5649910006
2015-08-01,3539971.5066156597,3444399.6238900963,3658457.3923887834,3516340.787573815,3563641.2107580355,0.002515540539907005,-0.00796292327827431,0.013200918362966876,0.002515540539907005,-0.00796292327827431,0.013200918362966876,0.0,0.0,0.0,3548876.4484506673,3497910.948505
2015-09-01,3580885.9681307985,3431936.8387554334,3657512.131238666,3557111.16075764,3604396.721722779,-0.010775423702067749,-0.022241473580527613,1.6502774771140456e-06,-0.010775423702067749,-0.022241473580527613,1.6502774771140456e-06,0.0,0.0,0.0,3542300.4045954,3560064.486718
2015-10-01,3622517.7394027323,3462353.0085763945,3672939.301410526,3599192.8000078104,3645302.752521649,-0.015157921693314853,-0.025782959652897872,-0.004329034756379765,-0.015157921693314853,-0.025782959652897872,-0.004329034756379765,0.0,0.0,0.0,3567607.899176222,3565496.479848
2015-11-01,3665537.2363837324,3540638.9148910423,3754985.9445253876,3643232.2796404297,3687495.620898319,-0.005771037116036657,-0.017124644664386793,0.005341226551464454,-0.005771037116036657,-0.017124644664386793,0.005341226551464454,0.0,0.0,0.0,3644383.2849423476,3629833.114385
2015-12-01,3707169.007655669,3616727.9288602835,3830081.3633325715,3685009.9143809048,3729136.5126513895,0.004544851240173518,-0.006528371290381649,0.015125202335648593,0.004544851240173518,-0.006528371290381649,0.015125202335648593,0.0,0.0,0.0,3724017.539317646,3742894.3944260003
2016-01-01,3750188.5046366686,3658983.688804555,3868716.1010515094,3728123.6598054874,3770829.0260077105,0.003727969883523336,-0.00789153890230141,0.015458455680409657,0.003727969883523336,-0.00789153890230141,0.015458455680409657,0.0,0.0,0.0,3764169.0944394893,3788255.9853379996
2016-02-01,3793208.001617668,3669494.114346295,3878588.0964844376,3770958.437437637,3814200.562450578,-0.004243021407129839,-0.013186650121715198,0.00490390425213436,-0.004243021407129839,-0.013186650121715198,0.00490390425213436,0.0,0.0,0.0,3777113.3388651083,3784970.3663480002
2016-03-01,3833452.047180539,3790052.3900116277,4011549.1719627683,3812220.2099989923,3855064.413820259,0.016661765100590024,0.007454521879072482,0.026390269049941358,0.016661765100590024,0.007454521879072482,0.026390269049941358,0.0,0.0,0.0,3897324.124715037,3788005.494675
2016-04-01,3876471.544161538,3818453.587610152,4039238.0428466816,3854303.935492041,3898232.7055246914,0.013682270574136532,0.0015434423774358895,0.02515784004644963,0.013682270574136532,0.0015434423774358895,0.02515784004644963,0.0,0.0,0.0,3929510.4767016973,3807407.3621699996
2016-05-01,3918381.0697493474,3816407.0686747395,4046404.6782810157,3896201.68191937,3940679.4575038217,0.003840007692207442,-0.006916613085099132,0.014477173760978287,0.003840007692207442,-0.006916613085099132,0.014477173760978287,0.0,0.0,0.0,3933427.6831981847,3856754.442735
2016-06-01,3961687.5795234186,3857722.815834639,4076713.067688331,3939605.6713142814,3983995.518043774,0.002485816955999632,-0.008823196037379254,0.014095978756871106,0.002485816955999632,-0.008823196037379254,0.014095978756871106,0.0,0.0,0.0,3971535.6096829707,3946263.40719
2016-07-01,4003597.105111228,3890052.024540218,4108130.889646136,3981367.784027243,4026396.106062264,-0.001125668195717551,-0.012020526268486442,0.009521973710559998,-0.001125668195717551,-0.012020526268486442,0.009521973710559998,0.0,0.0,0.0,3999090.383181537,3986001.627781
2016-08-01,4046903.614885299,3922230.1542137642,4144175.376288247,4023845.7378741186,4068986.9433066305,-0.0036340948526483573,-0.014572844575571408,0.007570741074286334,-0.0036340948526483573,-0.014572844575571408,0.007570741074286334,0.0,0.0,0.0,4032196.7832892803,3993224.7018279997
2016-09-01,4090210.1246593697,3983773.3401460154,4213435.5620027995,4065537.9784838967,4113622.704298471,0.0021786368178138304,-0.009622990598816121,0.014597654421598154,0.0021786368178138304,-0.009622990598816121,0.014597654421598154,0.0,0.0,0.0,4099121.2070295475,4069369.574714
2016-10-01,4132119.6502471804,4015843.1997009274,4235124.541752563,4106326.770160031,4157090.2391829477,-0.001822445061339107,-0.012269694640476858,0.007774231235900963,-0.001822445061339107,-0.012269694640476858,0.007774231235900963,0.0,0.0,0.0,4124589.089197725,4080264.690694
2016-11-01,4175426.160021251,4044234.2744935052,4261037.824529575,4148203.508816215,4201660.472723836,-0.005327820160494492,-0.015739870213226176,0.005598350415791688,-0.005327820160494492,-0.015739870213226176,0.005598350415791688,0.0,0.0,0.0,4153180.2403472336,4181565.1672269995
2016-12-01,4217335.68560906,4064397.317272453,4289332.264880295,4188987.7224655887,4245857.88147714,-0.010082220982077596,-0.01965420617731763,-0.0006184415880628534,-0.010082220982077596,-0.01965420617731763,-0.0006184415880628534,0.0,0.0,0.0,4174815.5752711482,4245946.156641
2017-01-01,4247378.409810713,4052459.65723568,4275097.267256388,4219946.085750301,4275182.263370659,-0.01916135136592694,-0.03174129743834487,-0.007421236861916499,-0.01916135136592694,-0.03174129743834487,-0.007421236861916499,0.0,0.0,0.0,4165992.8997162776,4246080.611012001
2017-02-01,4277421.134012364,4201761.117372475,4437352.12183626,4250731.2317362605,4304487.582199875,0.010861275551075585,-0.004340955514528042,0.02631535808111,0.010861275551075585,-0.004340955514528042,0.02631535808111,0.0,0.0,0.0,4323879.383596866,4246398.242775
2017-03-01,4304556.497807405,4249729.789871507,4472773.184847561,4278428.592891904,4331549.835991268,0.012487228444972725,0.005438477911187771,0.01965664735198097,0.012487228444972725,0.005438477911187771,0.01965664735198097,0.0,0.0,0.0,4358308.478149817,4259047.909763
2017-04-01,4334599.222009057,4276465.467955178,4487077.266562354,4309126.296354142,4361572.322242219,0.011621118203046036,0.0030666793349546314,0.0202407948880766,0.011621118203046036,0.0030666793349546314,0.0202407948880766,0.0,0.0,0.0,4384972.1119308565,4316642.068448001
2017-05-01,4363672.826075172,4290792.875511908,4504340.7707178425,4338672.005847427,4390210.677484709,0.00748022645127623,-0.0008632836149609891,0.015205308860374325,0.00748022645127623,-0.0008632836149609891,0.015205308860374325,0.0,0.0,0.0,4396314.086973495,4320668.994739
2017-06-01,4393715.550276823,4314282.536854403,4513923.837276392,4369217.877250525,4419674.520973464,0.005184130935113422,-0.003242885065742329,0.01326407265105544,0.005184130935113422,-0.003242885065742329,0.01326407265105544,0.0,0.0,0.0,4416493.146981102,4368225.567292
2017-07-01,4422789.154342938,4312377.100179605,4540248.362357987,4398712.889617897,4448067.151934533,-0.00042289162737266684,-0.00856588646228882,0.007221104560996979,-0.00042289162737266684,-0.00856588646228882,0.007221104560996979,0.0,0.0,0.0,4420918.793839932,4389683.507701
2017-08-01,4452831.87854459,4336267.825927541,4558089.223595878,4429005.837430127,4477649.628251202,-0.0014616974251284154,-0.009767555242680132,0.006647140491154276,-0.0014616974251284154,-0.009767555242680132,0.006647140491154276,0.0,0.0,0.0,4446323.185653192,4442411.852592
2017-09-01,4482874.602746243,4368291.44427253,4577859.602287975,4459839.453098349,4506953.407347996,-0.0020364376871711953,-0.010997251153930087,0.006982745968522922,-0.0020364376871711953,-0.010997251153930087,0.006982745968522922,0.0,0.0,0.0,4473745.507958348,4482794.939917
2017-10-01,4511948.206812357,4374153.519274273,4585791.0686561065,4489243.094602616,4535652.675570038,-0.006362264358365556,-0.013923471071577737,0.0012294372665719606,-0.006362264358365556,-0.013923471071577737,0.0012294372665719606,0.0,0.0,0.0,4483241.999549363,4507021.68388
2017-11-01,4541990.931014008,4404805.685644591,4618709.963123556,4519543.789846714,4565382.005065351,-0.005661418012468639,-0.013891455449690828,0.002064733944254125,-0.005661418012468639,-0.013891455449690828,0.002064733944254125,0.0,0.0,0.0,4516276.821744696,4555731.413633
2017-12-01,4571064.535080123,4438535.9788356945,4647845.195277373,4548759.991880324,4593657.069246626,-0.005304548375474447,-0.012889509674093571,0.0019506343757824478,-0.005304548375474447,-0.012889509674093571,0.0019506343757824478,0.0,0.0,0.0,4546817.102126375,4644041.875122
2018-01-01,4601107.259281775,4437126.403997969,4652749.812508083,4578662.674004497,4623574.047050689,-0.011369695139070612,-0.020470189580719136,-0.0030099897355231387,-0.011369695139070612,-0.020470189580719136,-0.0030099897355231387,0.0,0.0,0.0,4548794.072441577,4646102.841099
2018-02-01,4631149.983483427,4558365.549948343,4769324.518467432,4609125.366250608,4653127.344309632,0.006036726341444119,-0.004914187253213655,0.016789074708222457,0.006036726341444119,-0.004914187253213655,0.016789074708222457,0.0,0.0,0.0,4659106.9685798995,4655184.765623
2018-03-01,4658285.347278466,4587867.960761329,4800289.691287331,4636925.180102749,4680015.972153976,0.008357367061933865,-0.0014218428639625746,0.017494554550816638,0.008357367061933865,-0.0014218428639625746,0.017494554550816638,0.0,0.0,0.0,4697216.347804901,4667883.629838
2018-04-01,4688328.071480119,4622728.0200083675,4836001.637489455,4667402.664981977,4709746.670940865,0.009707566617475214,0.0017261955510007067,0.01914534156745603,0.009707566617475214,0.0017261955510007067,0.01914534156745603,0.0,0.0,0.0,4733840.328558591,4718093.499286
2018-05-01,4717401.675546235,4658708.338913593,4881962.199716934,4696772.299422694,4737832.328116881,0.011222236607413462,0.0029593828036899488,0.019165360805994135,0.011222236607413462,0.0029593828036899488,0.019165360805994135,0.0,0.0,0.0,4770341.473321424,4808814.403221
2018-06-01,4747444.399747886,4680624.4074696945,4897462.077836845,4726766.766575867,4767592.019955028,0.00786309786879046,-0.0004968475691615061,0.01579064093581391,0.00786309786879046,-0.0004968475691615061,0.01579064093581391,0.0,0.0,0.0,4784774.019689744,4870821.389832
2018-07-01,4776518.003814001,4671750.906731017,4880395.66264593,4756461.392677947,4796628.162449536,0.00022120325793393065,-0.008591485037516926,0.008943265353817311,0.00022120325793393065,-0.008591485037516926,0.008943265353817311,0.0,0.0,0.0,4777574.585158024,4854924.263933999
2018-08-01,4806560.728015653,4701531.263974556,4918345.3989459425,4786697.736610574,4826625.044467233,0.000588559948243552,-0.00740387423222528,0.008168765605479569,0.000588559948243552,-0.00740387423222528,0.008168765605479569,0.0,0.0,0.0,4809389.677148963,4908497.046801999
2018-09-01,4836603.452217304,4705598.471644976,4913166.850607381,4816738.133125787,4856839.370774422,-0.006356513694210655,-0.01476061810621937,0.002223525089700782,-0.006356513694210655,-0.01476061810621937,0.002223525089700782,0.0,0.0,0.0,4805859.516139818,4933801.178901
2018-10-01,4865677.056283418,4706194.033022889,4915252.81885852,4845674.104504823,4885820.586105097,-0.010809640192437808,-0.01887283865658577,-0.0023309584305931832,-0.010809640192437808,-0.01887283865658577,-0.0023309584305931832,0.0,0.0,0.0,4813080.8380123945,4999598.738683
2018-11-01,4895719.78048507,4764942.302078493,4970433.147812055,4875449.86881322,4916244.721731518,-0.005809191941651604,-0.014042457410984532,0.0024869544884127287,-0.005809191941651604,-0.014042457410984532,0.0024869544884127287,0.0,0.0,0.0,4867279.604587692,5041051.622796
2018-12-01,4924793.384551185,4816989.871037866,5026737.3342489945,4904517.073967238,4945244.966353249,-0.00042610149540320903,-0.008428689588712731,0.007619545522694672,-0.00042610149540320903,-0.008428689588712731,0.007619545522694672,0.0,0.0,0.0,4922694.922725476,5075863.446194001
2019-01-01,4954836.108752837,4833099.447241133,5044393.093220838,4934207.58200703,4975656.282166213,-0.0037368586038771016,-0.011915629627044894,0.0044437137039966814,-0.0037368586038771016,-0.011915629627044894,0.0044437137039966814,0.0,0.0,0.0,4936320.586809044,5080681.180905
2019-02-01,4984878.832954489,4884786.510694371,5101162.020660509,4964564.218260163,5005687.542755734,0.001000460710588936,-0.007228852947655863,0.0089762146576487,0.001000460710588936,-0.007228852947655863,0.0089762146576487,0.0,0.0,0.0,4989866.008373906,5098496.279857
2019-03-01,5012014.19674953,4919796.178792019,5154223.838968847,4991239.234017795,5032516.640179194,0.004279366697426035,-0.009002778589743653,0.017366781352854438,0.004279366697426035,-0.009002778589743653,0.017366781352854438,0.0,0.0,0.0,5033462.443390126,5144180.136297001
2019-04-01,5042056.920951182,4966434.882137188,5191828.454336122,5021148.7004936095,5062695.544755409,0.007944502245328786,-0.00294985306034434,0.019329116543433035,0.007944502245328786,-0.00294985306034434,0.019329116543433035,0.0,0.0,0.0,5082113.553480755,5170654.501567
2019-05-01,5071130.525017297,5038740.637565892,5252794.805062142,5049522.749136191,5092219.948918079,0.015061134061076398,0.003636339674470083,0.026030652357116983,0.015061134061076398,0.003636339674470083,0.026030652357116983,0.0,0.0,0.0,5147507.5016958,5211989.943634
2019-06-01,5101173.249218949,5040394.711818429,5275288.844614875,5078791.307665604,5122126.070298769,0.010517919067789724,-0.0006455001027067885,0.020820150440835142,0.010517919067789724,-0.0006455001027067885,0.020820150440835142,0.0,0.0,0.0,5154826.976605008,5237405.9442300005
2019-07-01,5130246.853285063,5023249.939766027,5253256.348018401,5107662.1616434045,5152018.217960723,0.0008044330652441237,-0.01186641509469294,0.012263436132536878,0.0008044330652441237,-0.01186641509469294,0.012263436132536878,0.0,0.0,0.0,5134373.793486711,5218511.255232
2019-08-01,5160289.577486714,5063450.927904092,5286214.03101844,5137029.8024539,5182164.517610746,0.002515540539933849,-0.007962923278292355,0.013200918363018729,0.002515540539933849,-0.007962923278292355,0.013200918363018729,0.0,0.0,0.0,5173270.49511668,5296070.222802
2019-09-01,5190332.301688367,5019500.425339054,5243841.809168601,5167140.652853406,5212694.382852311,-0.010775423702061004,-0.0222414735805125,1.6502774799777577e-06,-0.010775423702061004,-0.0222414735805125,1.6502774799777577e-06,0.0,0.0,0.0,5134404.271983181,5215686.316547
2019-10-01,5219405.905754481,5026329.37869515,5252091.002579102,5195629.662989771,5242582.830200326,-0.015157921693312686,-0.025782959652899583,-0.0043290347563729415,-0.015157921693312686,-0.025782959652899583,-0.0043290347563729415,0.0,0.0,0.0,5140290.559749441,5193670.272908
2019-11-01,5249448.629956134,5100913.277301418,5330964.378762819,5225116.488886331,5273364.31143569,-0.005771037116034971,-0.01712464466439944,0.005341226551485874,-0.005771037116034971,-0.01712464466439944,0.005341226551485874,0.0,0.0,0.0,5219153.867073937,5275987.000634
2019-12-01,5278522.234022249,5198478.576417963,5412558.60828262,5253697.934175487,5303532.938624607,0.004544851240207164,-0.006528371290338541,0.015125202335726402,0.004544851240207164,-0.006528371290338541,0.015125202335726402,0.0,0.0,0.0,5302512.332344005,5286610.097515
2020-01-01,5308564.958223899,5219718.143660804,5439849.560287863,5283379.591766316,5333823.14352644,0.003727969883517118,-0.007891538902288584,0.01545845568038789,0.003727969883517118,-0.007891538902288584,0.01545845568038789,0.0,0.0,0.0,5328355.128512852,5282088.887123
2020-02-01,5338607.682425551,5204145.301500458,5432105.438469939,5312709.260825817,5364553.902870059,-0.004243021407127046,-0.013186650121716926,0.004903904252129003,-0.004243021407127046,-0.013186650121716926,0.004903904252129003,0.0,0.0,0.0,5315955.855744766,5318989.029157
2020-03-01,5366712.166356129,5337213.019742852,5572670.152754004,5340444.6755310595,5392953.239698005,0.016661765100541102,0.00745452187904498,0.026390269049840317,0.016661765100541102,0.00745452187904498,0.026390269049840317,0.0,0.0,0.0,5456131.063834171,5642826.273527
2020-04-01,5396754.890557781,5357768.136706066,5581026.669976888,5369939.861950443,5423621.34039353,0.013682270574138735,0.0015434423773891266,0.02515784004646177,0.013682270574138735,0.0015434423773891266,0.02515784004646177,0.0,0.0,0.0,5470594.751192699,5708811.7935
2020-05-01,5425828.494623896,5338599.450684128,5564460.446062788,5398451.327723824,5453508.954140047,0.003840007692209279,-0.006916613085118016,0.014477173760981068,0.003840007692209279,-0.006916613085118016,0.014477173760981068,0.0,0.0,0.0,5446663.71777986,5599188.152608
2020-06-01,5455871.218825548,5353186.085761471,5587553.423736761,5427895.619755538,5484266.329630187,0.002485816956030863,-0.008823196037324559,0.014095978756879509,0.002485816956030863,-0.008823196037324559,0.014095978756879509,0.0,0.0,0.0,5469433.516011225,5519921.584568
2020-07-01,5484944.822891663,5362772.454475816,5593705.14403509,5456404.100146463,5514103.826287356,-0.0011256681956825132,-0.012020526268423997,0.009521973710592265,-0.0011256681956825132,-0.012020526268423997,0.009521973710592265,0.0,0.0,0.0,5478770.594949461,5457684.8931559995
2020-08-01,5514987.547093315,5386061.975500314,5615892.045476267,5485351.801498176,5544953.377008719,-0.0036340948526432555,-0.014572844575580697,0.007570741074291639,-0.0036340948526432555,-0.014572844575580697,0.007570741074291639,0.0,0.0,0.0,5494945.559236032,5407580.232955
2020-09-01,5545030.271294965,5430884.352199827,5676028.031371304,5514866.853759468,5575800.331415369,0.0021786368178192033,-0.00962299059879785,0.014597654421590533,0.0021786368178192033,-0.00962299059879785,0.014597654421590533,0.0,0.0,0.0,5557110.87839993,5376837.284336
2020-10-01,5574103.875361082,5446388.973898983,5685446.094261294,5543496.7149285935,5605317.0821203515,-0.0018224450613227327,-0.012269694640458888,0.007774231235949132,-0.0018224450613227327,-0.012269694640458888,0.007774231235949132,0.0,0.0,0.0,5563945.3772821305,5304060.130536
2020-11-01,5604146.599562733,5459388.14090488,5693257.551596503,5573213.11911867,5636253.830476939,-0.0053278201604674055,-0.015739870213200273,0.0055983504158039765,-0.0053278201604674055,-0.015739870213200273,0.0055983504158039765,0.0,0.0,0.0,5574288.714327368,5222714.573043
2020-12-01,5633220.203628847,5456974.351962504,5690138.9656232335,5601887.001306901,5665810.596107427,-0.010082220982119642,-0.01965420617737803,-0.0006184415880973899,-0.010082220982119642,-0.01965420617737803,-0.0006184415880973899,0.0,0.0,0.0,5576424.832694921,5166581.921534
2021-01-01,5663262.9278305,5433972.548351129,5666727.071814927,5630853.628967863,5696486.911259721,-0.0191613513658934,-0.03174129743828762,-0.0074212368618896424,-0.0191613513658934,-0.03174129743828762,-0.0074212368618896424,0.0,0.0,0.0,5554747.156992901,5205860.120209999
2021-02-01,5693305.65203215,5623393.1643265225,5893334.312141038,5659318.827296533,5726942.449611141,0.010861275551070056,-0.00434095551453647,0.026315358081103715,0.010861275551070056,-0.00434095551453647,0.026315358081103715,0.0,0.0,0.0,5755142.213515335,
2021-03-01,5720441.015827192,5688734.377619781,5908883.695210827,5685344.893198504,5755246.430535939,0.012487228444964641,0.005438477911168794,0.01965664735194333,0.012487228444964641,0.005438477911168794,0.01965664735194333,0.0,0.0,0.0,5791873.469597772,
2021-04-01,5750483.740028842,5704801.7949952595,5934080.291125519,5714224.799077087,5786191.178252598,0.011621118203070734,0.003066679334957511,0.020240794888119834,0.011621118203070734,0.003066679334957511,0.020240794888119834,0.0,0.0,0.0,5817310.791296554,
2021-05-01,5779557.344094957,5707605.9777481295,5930228.658597555,5742051.670393817,5816484.272269035,0.007480226451299641,-0.000863283614963371,0.015205308860350875,0.007480226451299641,-0.000863283614963371,0.015205308860350875,0.0,0.0,0.0,5822789.741817059,
2021-06-01,5809600.06829661,5722664.171970529,5944879.293144507,5771353.718839574,5847344.249415508,0.00518413093507172,-0.0032428850657566484,0.013264072651026873,0.00518413093507172,-0.0032428850657566484,0.013264072651026873,0.0,0.0,0.0,5839717.795731062,
2021-07-01,5838673.672362725,5724141.21796936,5951766.236646501,5797450.707226969,5877426.705703035,-0.00042289162735347684,-0.008565886462198746,0.007221104561010572,-0.00042289162735347684,-0.008565886462198746,0.007221104561010572,0.0,0.0,0.0,5836204.546151835,
2021-08-01,5868716.396564377,5747200.678901033,5964709.61773484,5824561.793825572,5909597.752727141,-0.001461697425111148,-0.009767555242650348,0.006647140491174361,-0.001461697425111148,-0.009767555242650348,0.006647140491174361,0.0,0.0,0.0,5860138.108918811,
2021-09-01,5898759.12076603,5770290.728287014,6002507.254971592,5851034.925426343,5941268.704498548,-0.002036437687220239,-0.010997251153965645,0.006982745968454672,-0.002036437687220239,-0.010997251153965645,0.006982745968454672,0.0,0.0,0.0,5886746.665384667,
2021-10-01,5927832.724832145,5779845.405023266,6010349.710292445,5877888.304651616,5972770.913152471,-0.006362264358365698,-0.013923471071573598,0.0012294372665885471,-0.006362264358365698,-0.013923471071573598,0.0012294372665885471,0.0,0.0,0.0,5890118.285964591,
2021-11-01,5957875.449033795,5807119.751989791,6033514.3432691,5904103.3783320505,6005259.036349831,-0.005661418012469708,-0.013891455449704541,0.0020647339442060697,-0.005661418012469708,-0.013891455449704541,0.0020647339442060697,0.0,0.0,0.0,5924145.4256505845,
2021-12-01,5986949.05309991,5838574.489309287,6066439.629018129,5931000.789722105,6038152.868661285,-0.005304548375436855,-0.012889509674039294,0.0019506343758091918,-0.005304548375436855,-0.012889509674039294,0.0019506343758091918,0.0,0.0,0.0,5955190.992226466,
2022-01-01,6016991.777301563,5825642.694467816,6064280.269216843,5956868.75355876,6071329.337348469,-0.011369695139050038,-0.02047018958068491,-0.003009989735535684,-0.011369695139050038,-0.02047018958068491,-0.003009989735535684,0.0,0.0,0.0,5948580.415139473,
2022-02-01,6047034.501503214,5952875.804243981,6212022.197860114,5982464.841262643,6105114.877095344,0.006036726341435175,-0.004914187253238619,0.01678907470818154,0.006036726341435175,-0.004914187253238619,0.01678907470818154,0.0,0.0,0.0,6083538.793966006,
2022-03-01,6074169.865298253,5996635.076413327,6251069.361979951,6006685.480118308,6135949.246282108,0.008357367061917524,-0.0014218428639995327,0.017494554550767843,0.008357367061917524,-0.0014218428639995327,0.017494554550767843,0.0,0.0,0.0,6124933.932458987,
2022-04-01,6104212.589499906,6027418.621645528,6283420.687172965,6030710.464754486,6169451.866457429,0.00970756661751713,0.0017261955510119214,0.019145341567488407,0.00970756661751713,0.0017261955510119214,0.019145341567488407,0.0,0.0,0.0,6163469.639859962,
2022-05-01,6133286.193566021,6068505.395242642,6334135.477013145,6054539.908098074,6202965.601970337,0.011222236607408497,0.002959382803734466,0.019165360806015233,0.011222236607408497,0.002959382803734466,0.019165360806015233,0.0,0.0,0.0,6202115.38241117,
2022-06-01,6163328.917767671,6073455.18134773,6345715.309248944,6078481.716300947,6237863.770330185,0.007863097868780288,-0.0004968475691398168,0.015790640935793653,0.007863097868780288,-0.0004968475691398168,0.015790640935793653,0.0,0.0,0.0,6211791.776245562,
2022-07-01,6192402.521833787,6044437.510683424,6331335.369758091,6103832.339057629,6271300.203952013,0.00022120325792527484,-0.00859148503752869,0.00894326535378379,0.00022120325792527484,-0.00859148503752869,0.00894326535378379,0.0,0.0,0.0,6193772.301446,
2022-08-01,6222445.24603544,6082105.488187432,6366106.96667679,6126134.401833044,6306422.072582586,0.0005885599482232243,-0.007403874232228427,0.008168765605468678,0.0005885599482232243,-0.007403874232228427,0.008168765605468678,0.0,0.0,0.0,6226107.528087268,
2022-09-01,6252487.97023709,6056986.720275758,6356122.496082823,6151363.071509523,6342882.763656251,-0.0063565136942198815,-0.014760618106261687,0.002223525089680376,-0.0063565136942198815,-0.014760618106261687,0.002223525089680376,0.0,0.0,0.0,6212743.944831333,
2022-10-01,6281561.574303205,6055984.917263477,6363477.007686531,6173786.887245623,6377430.472650845,-0.010809640192462291,-0.01887283865663216,-0.002330958430637129,-0.010809640192462291,-0.01887283865663216,-0.002330958430637129,0.0,0.0,0.0,6213660.15383819,
2022-11-01,6311604.298504858,6117054.83726864,6431252.00173034,6198305.073673696,6412524.136400944,-0.0058091919416616315,-0.014042457411030261,0.0024869544884201285,-0.0058091919416616315,-0.014042457411030261,0.0024869544884201285,0.0,0.0,0.0,6274938.977675027,
2022-12-01,6340677.902570973,6179436.301093532,6493669.635347799,6223609.2014748175,6447762.643622621,-0.0004261014954171799,-0.00842868958873072,0.007619545522674388,-0.0004261014954171799,-0.00842868958873072,0.007619545522674388,0.0,0.0,0.0,6337976.130234729,
2023-01-01,6370720.626772624,6178670.536077841,6504295.630940445,6245168.963926457,6483541.700032816,-0.003736858603910797,-0.011915629627086664,0.00444371370399522,-0.003736858603910797,-0.011915629627086664,0.00444371370399522,0.0,0.0,0.0,6346914.144585357,
2023-02-01,6400763.350974278,6229853.250593826,6574721.446894088,6268091.851681197,6522021.503356573,0.0010004607105616721,-0.007228852947685132,0.008976214657611774,0.0010004607105616721,-0.007228852947685132,0.008976214657611774,0.0,0.0,0.0,6407167.06322453,
2023-03-01,6427898.714769316,6256113.765098783,6634993.856784702,6291014.407091721,6556603.528137107,0.004279366697465736,-0.009002778589692147,0.017366781352870134,0.004279366697465736,-0.009002778589692147,0.017366781352870134,0.0,0.0,0.0,6455406.050463982,
2023-04-01,6457941.438970966,6316831.473586151,6707451.840289927,6312900.489752631,6595175.705167087,0.007944502245332235,-0.0029498530603439322,0.019329116543476126,0.007944502245332235,-0.0029498530603439322,0.019329116543476126,0.0,0.0,0.0,6509246.569233094,
2023-05-01,6487015.043037081,6384743.126658226,6779115.73173898,6338609.843260453,6630299.6135304365,0.015061134061063127,0.0036363396744742357,0.026030652357095632,0.015061134061063127,0.0036363396744742357,0.026030652357095632,0.0,0.0,0.0,6584716.846256396,
2023-06-01,6517057.767238734,6373114.326748563,6788509.622686085,6360651.890245101,6667870.597823215,0.010517919067807994,-0.0006455001026747452,0.020820150440835825,0.010517919067807994,-0.0006455001026747452,0.020820150440835825,0.0,0.0,0.0,6585603.653394781,
2023-07-01,6546131.371304849,6338544.611852761,6748657.022057806,6379690.53120165,6702878.447696516,0.0008044330652506623,-0.011866415094689182,0.012263436132522957,0.0008044330652506623,-0.011866415094689182,0.012263436132522957,0.0,0.0,0.0,6551397.2958294,
2023-08-01,6576174.0955065,6381554.024060965,6787587.110690044,6402709.280159445,6745535.858567398,0.0025155405399118935,-0.007962923278292153,0.0132009183629898,0.0025155405399118935,-0.007962923278292153,0.0132009183629898,0.0,0.0,0.0,6592716.728041266,
2023-09-01,6606216.819708154,6311295.071544267,6749368.994611629,6426791.560449764,6784077.394754271,-0.01077542370206723,-0.02224147358055371,1.650277478975051e-06,-0.01077542370206723,-0.02224147358055371,1.650277478975051e-06,0.0,0.0,0.0,6535032.034408076,
2023-10-01,6635290.4237742685,6318731.107527921,6759433.495722699,6447307.366255125,6822029.839126305,-0.015157921693317327,-0.025782959652891672,-0.004329034756337898,-0.015157921693317327,-0.025782959652891672,-0.004329034756337898,0.0,0.0,0.0,6534713.21111828,
2023-11-01,6665333.147975919,6396075.68302404,6860558.265222589,6466181.895393169,6860482.202125236,-0.005771037116030651,-0.01712464466436532,0.00534122655145639,-0.005771037116030651,-0.01712464466436532,0.00534122655145639,0.0,0.0,0.0,6626867.26298824,
2023-12-01,6694406.752042034,6490273.614025111,6957840.607252262,6485470.75793833,6895003.978477208,0.00454485124015743,-0.0065283712903872245,0.015125202335655844,0.00454485124015743,-0.0065283712903872245,0.015125202335655844,0.0,0.0,0.0,6724831.83487117,
2024-01-01,6724449.476243688,6498976.559885789,6999808.147684882,6505964.836630953,6933807.584950834,0.003727969883547305,-0.007891538902291903,0.015458455680376343,0.003727969883547305,-0.007891538902291903,0.015458455680376343,0.0,0.0,0.0,6749518.02137456,
2024-02-01,6754492.200445338,6469821.926636375,6982343.9449695,6526207.632635227,6973530.4728538,-0.004243021407128818,-0.013186650121740104,0.0049039042521341935,-0.004243021407128818,-0.013186650121740104,0.0049039042521341935,0.0,0.0,0.0,6725832.745444564,
2024-03-01,6782596.684375915,6620148.638629888,7163934.4003882045,6543291.256414291,7009527.197419028,0.01666176510060573,0.007454521879081362,0.026390269049957473,0.01666176510060573,0.007454521879081362,0.026390269049957473,0.0,0.0,0.0,6895606.717103134,
2024-04-01,6812639.408577568,6614792.475656336,7175562.421673541,6565199.506725147,7050064.299218057,0.013682270574122093,0.0015434423773922042,0.02515784004640203,0.013682270574122093,0.0015434423773922042,0.02515784004640203,0.0,0.0,0.0,6905851.784289654,
2024-05-01,6841713.012643683,6579542.024714429,7135395.186296034,6584838.402255596,7084837.334431818,0.003840007692204302,-0.006916613085112421,0.014477173760983862,0.003840007692204302,-0.006916613085112421,0.014477173760983862,0.0,0.0,0.0,6867985.243240088,
2024-06-01,6871755.736845334,6583824.513638751,7187707.770403683,6602411.143484505,7123520.074193008,0.0024858169560371115,-0.008823196037376005,0.01409597875688296,0.0024858169560371115,-0.008823196037376005,0.01409597875688296,0.0,0.0,0.0,6888837.6637737295,
2024-07-01,6900829.340911449,6595534.82554281,7189018.398626189,6628877.316427673,7161169.9852099195,-0.0011256681957091434,-0.012020526268480183,0.009521973710592175,-0.0011256681957091434,-0.012020526268480183,0.009521973710592175,0.0,0.0,0.0,6893061.296798369,
2024-08-01,6930872.065113099,6605435.067680839,7212043.035518122,6647057.195619052,7203895.142642335,-0.0036340948526602176,-0.014572844575586703,0.007570741074264122,-0.0036340948526602176,-0.014572844575586703,0.007570741074264122,0.0,0.0,0.0,6905684.618616825,
2024-09-01,6960914.789314752,6632297.017870556,7289100.276442041,6663859.50067332,7246409.235139785,0.002178636817868988,-0.00962299059884219,0.014597654421686139,0.002178636817868988,-0.00962299059884219,0.014597654421686139,0.0,0.0,0.0,6976080.094560802,
2024-10-01,6989988.393380867,6645667.180051319,7306707.372852688,6680220.139161652,7286410.066975012,-0.0018224450613305405,-0.012269694640473616,0.007774231235918186,-0.0018224450613305405,-0.012269694640473616,0.007774231235918186,0.0,0.0,0.0,6977249.523554592,
2024-11-01,7020031.117582519,6624972.339890566,7305263.853179498,6697485.791849781,7329661.445208417,-0.005327820160486013,-0.015739870213199912,0.005598350415801114,-0.005327820160486013,-0.015739870213199912,0.005598350415801114,0.0,0.0,0.0,6982629.654267023,
2024-12-01,7049104.721648635,6635465.062606126,7307642.122434698,6713938.170108856,7368516.314722804,-0.010082220982092173,-0.019654206177335487,-0.0006184415880578268,-0.010082220982092173,-0.019654206177335487,-0.0006184415880578268,0.0,0.0,0.0,6978034.090119064,
2025-01-01,7079147.445850287,6569378.753194708,7272873.569185309,6731401.49113985,7406448.942105779,-0.019161351365929738,-0.031741297438345306,-0.007421236861939835,-0.019161351365929738,-0.031741297438345306,-0.007421236861939835,0.0,0.0,0.0,6943501.414269125,
2025-02-01,7109190.170051937,6807863.3904502,7561097.138763494,6750958.222262171,7446254.811462555,0.010861275551064533,-0.004340955514544876,0.02631535808109739,0.010861275551064533,-0.004340955514544876,0.02631535808109739,0.0,0.0,0.0,7186405.043433791,
2025-03-01,7136325.533846978,6812704.594196493,7601134.33044811,6765155.918397217,7481762.921556664,0.012487228445004283,0.005438477911141602,0.019656647351990977,0.012487228445004283,0.005438477911141602,0.019656647351990977,0.0,0.0,0.0,7225438.461046043,
2025-04-01,7166368.258048631,6864408.570674431,7615540.9262174945,6781912.202255707,7526248.768831028,0.011621118203045075,0.0030666793349543647,0.02024079488808456,0.011621118203045075,0.0030666793349543647,0.02024079488808456,0.0,0.0,0.0,7249649.470661964,
2025-05-01,7195441.862114743,6862264.090387016,7626365.591906814,6798409.872183298,7569402.553478368,0.00748022645129961,-0.000863283614962483,0.015205308860344584,0.00748022645129961,-0.000863283614962483,0.015205308860344584,0.0,0.0,0.0,7249265.396660523,
2025-06-01,7225484.5863163965,6834135.784650922,7683663.187826416,6817423.40042064,7613831.87826273,0.005184130935095957,-0.0032428850657393394,0.01326407265104096,0.005184130935095957,-0.0032428850657393394,0.01326407265104096,0.0,0.0,0.0,7262942.444481378,
2025-07-01,7254558.190382512,6819945.851916328,7669653.537445755,6834483.080661816,7656942.018749966,-0.00042289162733125004,-0.008565886462209783,0.0072211045610351965,-0.00042289162733125004,-0.008565886462209783,0.0072211045610351965,0.0,0.0,0.0,7251490.298463812,
2025-08-01,7284600.914584163,6827216.275016895,7685617.017632433,6851294.979519772,7701469.542412255,-0.001461697425125699,-0.00976755524266662,0.006647140491147667,-0.001461697425125699,-0.00976755524266662,0.006647140491147667,0.0,0.0,0.0,7273953.032184247,
2025-09-01,7314643.638785813,6847695.804977623,7712390.436404761,6869333.831342704,7737758.317626112,-0.00203643768716991,-0.010997251153917762,0.006982745968511231,-0.00203643768716991,-0.010997251153917762,0.006982745968511231,0.0,0.0,0.0,7299747.822811572,
2025-10-01,7343717.242851931,6819477.762445124,7728132.007311116,6885443.970617645,7780035.326125954,-0.006362264358349211,-0.01392347107156485,0.0012294372665935236,-0.006362264358349211,-0.01392347107156485,0.0012294372665935236,0.0,0.0,0.0,7296994.572379939,
2025-11-01,7373759.967053581,6851240.806745413,7797951.3345379345,6906050.114916971,7822715.350394055,-0.005661418012474024,-0.0138914554497314,0.0020647339441963787,-0.005661418012474024,-0.0138914554497314,0.0020647339441963787,0.0,0.0,0.0,7332014.029556444,
2025-12-01,7402833.571119697,6886942.357978879,7824358.979684382,6926729.463029983,7859977.553233162,-0.00530454837548461,-0.01288950967411099,0.001950634375771753,-0.00530454837548461,-0.01288950967411099,0.001950634375771753,0.0,0.0,0.0,7363564.88232603,
2026-01-01,7432876.29532135,6857182.041408732,7803830.100804341,6947745.9997843,7904245.529504605,-0.01136969513904166,-0.020470189580685725,-0.003009989735499825,-0.01136969513904166,-0.020470189580685725,-0.003009989735499825,0.0,0.0,0.0,7348366.757837337,
